Name,Email
Blackbird Rock Bar,blackbirdrockbar@gmail.com
MADRIZ MADRID Rock Bar.,Not found
El refugio,Not found
The Temple Of Rock,Not found
Cathouse Rock Bar,Not found
KuRGaN Club,Not found
Diplodocus,Not found
Ocean Rock Bar,Not found
Bastard Heavy Rock Pub,Not found
Wrong Way,Not found
Cocodrilo Rock Bar,Not found
Malatesta rock bar,Not found
The Sinner Metal Bar,Not found
Bustock Rock Bar,Not found
Lovely Rita Rock Bar,Not found
La Cocina Bar,Not found
Flamingo Rock,Not found
Fenrir Metal Madrid,Not found
Barracudas Rock Bar,Not found
La Aguja Rockâ€™n Roll Club,Not found
